Auto-update on Mon May 19 01:50:09 UTC 2025
Auto-update on Tue May 20 03:31:19 UTC 2025
Auto-update on Wed May 21 03:30:15 UTC 2025
Auto-update on Thu May 22 03:30:40 UTC 2025
Auto-update on Fri May 23 03:30:29 UTC 2025
Auto-update on Sat May 24 03:15:23 UTC 2025
Auto-update on Sun May 25 03:37:07 UTC 2025
Auto-update on Mon May 26 03:34:52 UTC 2025
Auto-update on Tue May 27 03:30:21 UTC 2025
Auto-update on Wed May 28 03:31:59 UTC 2025
Auto-update on Thu May 29 03:32:59 UTC 2025
Auto-update on Fri May 30 03:31:46 UTC 2025
Auto-update on Sat May 31 03:29:05 UTC 2025
Auto-update on Sun Jun  1 03:51:39 UTC 2025
Auto-update on Mon Jun  2 03:41:25 UTC 2025
Auto-update on Tue Jun  3 03:35:14 UTC 2025
Auto-update on Wed Jun  4 03:36:13 UTC 2025
Auto-update on Thu Jun  5 03:36:21 UTC 2025
Auto-update on Fri Jun  6 03:35:41 UTC 2025
Auto-update on Sat Jun  7 03:32:32 UTC 2025
Auto-update on Sun Jun  8 03:41:51 UTC 2025
Auto-update on Mon Jun  9 03:41:17 UTC 2025
Auto-update on Tue Jun 10 03:37:33 UTC 2025
Auto-update on Wed Jun 11 03:37:22 UTC 2025
Auto-update on Thu Jun 12 03:36:15 UTC 2025
Auto-update on Fri Jun 13 03:37:05 UTC 2025
Auto-update on Sat Jun 14 03:31:22 UTC 2025
Auto-update on Sun Jun 15 03:41:22 UTC 2025
Auto-update on Mon Jun 16 03:42:00 UTC 2025
Auto-update on Tue Jun 17 03:37:15 UTC 2025
Auto-update on Wed Jun 18 03:36:38 UTC 2025
Auto-update on Thu Jun 19 01:02:00 UTC 2025
Auto-update on Fri Jun 20 01:01:46 UTC 2025
Auto-update on Sat Jun 21 01:00:49 UTC 2025
Auto-update on Sun Jun 22 01:07:54 UTC 2025
Auto-update on Mon Jun 23 01:05:51 UTC 2025
Auto-update on Tue Jun 24 01:02:30 UTC 2025
Auto-update on Wed Jun 25 01:03:01 UTC 2025
Auto-update on Thu Jun 26 01:02:07 UTC 2025
Auto-update on Fri Jun 27 01:02:57 UTC 2025
Auto-update on Sat Jun 28 01:00:36 UTC 2025
Auto-update on Sun Jun 29 01:09:21 UTC 2025
Auto-update on Mon Jun 30 01:06:32 UTC 2025
Auto-update on Tue Jul  1 01:09:34 UTC 2025
Auto-update on Wed Jul  2 01:02:39 UTC 2025
Auto-update on Thu Jul  3 01:02:26 UTC 2025
Auto-update on Fri Jul  4 01:02:00 UTC 2025
Auto-update on Sat Jul  5 00:59:58 UTC 2025
Auto-update on Sun Jul  6 01:08:26 UTC 2025
Auto-update on Mon Jul  7 01:06:51 UTC 2025
Auto-update on Tue Jul  8 01:02:53 UTC 2025
Auto-update on Wed Jul  9 01:03:47 UTC 2025
Auto-update on Thu Jul 10 01:03:41 UTC 2025
Auto-update on Fri Jul 11 01:04:22 UTC 2025
Auto-update on Sat Jul 12 01:06:04 UTC 2025
Auto-update on Sun Jul 13 01:10:34 UTC 2025
Auto-update on Mon Jul 14 01:07:34 UTC 2025
Auto-update on Tue Jul 15 01:06:53 UTC 2025
Auto-update on Wed Jul 16 01:05:26 UTC 2025
Auto-update on Thu Jul 17 01:05:56 UTC 2025
Auto-update on Fri Jul 18 01:05:15 UTC 2025
Auto-update on Sat Jul 19 01:03:41 UTC 2025
Auto-update on Sun Jul 20 01:12:11 UTC 2025
Auto-update on Mon Jul 21 01:09:34 UTC 2025
Auto-update on Tue Jul 22 01:05:49 UTC 2025
Auto-update on Wed Jul 23 01:07:03 UTC 2025
Auto-update on Thu Jul 24 01:06:04 UTC 2025
Auto-update on Fri Jul 25 01:05:38 UTC 2025
Auto-update on Sat Jul 26 01:03:57 UTC 2025
Auto-update on Sun Jul 27 01:12:28 UTC 2025
Auto-update on Mon Jul 28 01:10:39 UTC 2025
Auto-update on Tue Jul 29 01:13:50 UTC 2025
Auto-update on Wed Jul 30 01:07:07 UTC 2025
Auto-update on Thu Jul 31 01:07:03 UTC 2025
Auto-update on Fri Aug  1 01:14:31 UTC 2025
Auto-update on Sat Aug  2 01:04:14 UTC 2025
Auto-update on Sun Aug  3 01:13:42 UTC 2025
Auto-update on Mon Aug  4 01:12:43 UTC 2025
Auto-update on Tue Aug  5 01:08:57 UTC 2025
Auto-update on Wed Aug  6 01:07:33 UTC 2025
Auto-update on Thu Aug  7 01:07:55 UTC 2025
Auto-update on Fri Aug  8 01:07:46 UTC 2025
Auto-update on Sat Aug  9 01:01:51 UTC 2025
Auto-update on Sun Aug 10 01:11:10 UTC 2025
Auto-update on Mon Aug 11 01:08:28 UTC 2025
Auto-update on Tue Aug 12 01:01:37 UTC 2025
Auto-update on Wed Aug 13 01:02:59 UTC 2025
Auto-update on Thu Aug 14 01:03:24 UTC 2025
Auto-update on Fri Aug 15 01:03:26 UTC 2025
Auto-update on Sat Aug 16 01:00:24 UTC 2025
Auto-update on Sun Aug 17 01:07:50 UTC 2025
Auto-update on Mon Aug 18 01:07:03 UTC 2025
Auto-update on Tue Aug 19 01:00:47 UTC 2025
Auto-update on Wed Aug 20 00:58:49 UTC 2025
Auto-update on Thu Aug 21 00:57:56 UTC 2025
Auto-update on Fri Aug 22 00:58:41 UTC 2025
Auto-update on Sat Aug 23 00:56:41 UTC 2025
Auto-update on Sun Aug 24 01:05:26 UTC 2025
Auto-update on Mon Aug 25 01:01:23 UTC 2025
Auto-update on Tue Aug 26 00:59:43 UTC 2025
Auto-update on Wed Aug 27 00:57:52 UTC 2025
Auto-update on Thu Aug 28 00:57:09 UTC 2025
Auto-update on Fri Aug 29 00:57:14 UTC 2025
Auto-update on Sat Aug 30 00:54:42 UTC 2025
Auto-update on Sun Aug 31 01:01:20 UTC 2025
Auto-update on Mon Sep  1 01:07:44 UTC 2025
Auto-update on Tue Sep  2 00:58:08 UTC 2025
Auto-update on Wed Sep  3 00:54:32 UTC 2025
Auto-update on Thu Sep  4 00:54:34 UTC 2025
Auto-update on Fri Sep  5 00:55:59 UTC 2025
Auto-update on Sat Sep  6 00:54:44 UTC 2025
Auto-update on Sun Sep  7 01:00:42 UTC 2025
Auto-update on Mon Sep  8 00:59:26 UTC 2025
Auto-update on Tue Sep  9 00:56:49 UTC 2025
Auto-update on Wed Sep 10 00:55:27 UTC 2025
Auto-update on Thu Sep 11 00:56:32 UTC 2025
Auto-update on Fri Sep 12 00:54:26 UTC 2025
Auto-update on Sat Sep 13 00:52:17 UTC 2025
Auto-update on Sun Sep 14 01:00:03 UTC 2025
Auto-update on Mon Sep 15 01:00:14 UTC 2025
Auto-update on Tue Sep 16 00:55:34 UTC 2025
Auto-update on Wed Sep 17 00:55:25 UTC 2025
Auto-update on Thu Sep 18 00:54:55 UTC 2025
Auto-update on Fri Sep 19 00:57:23 UTC 2025
Auto-update on Sat Sep 20 00:53:55 UTC 2025
Auto-update on Sun Sep 21 01:01:27 UTC 2025
Auto-update on Mon Sep 22 01:01:07 UTC 2025
Auto-update on Tue Sep 23 00:55:33 UTC 2025
Auto-update on Wed Sep 24 00:56:26 UTC 2025
Auto-update on Thu Sep 25 00:56:34 UTC 2025
Auto-update on Fri Sep 26 00:55:59 UTC 2025
Auto-update on Sat Sep 27 00:54:04 UTC 2025
Auto-update on Sun Sep 28 01:02:17 UTC 2025
Auto-update on Mon Sep 29 00:58:01 UTC 2025
Auto-update on Tue Sep 30 00:56:58 UTC 2025
Auto-update on Wed Oct  1 01:03:16 UTC 2025
Auto-update on Thu Oct  2 00:55:23 UTC 2025
Auto-update on Fri Oct  3 00:55:16 UTC 2025
Auto-update on Sat Oct  4 00:52:48 UTC 2025
Auto-update on Sun Oct  5 01:01:26 UTC 2025
Auto-update on Mon Oct  6 00:57:10 UTC 2025
Auto-update on Tue Oct  7 00:55:58 UTC 2025
Auto-update on Wed Oct  8 00:55:40 UTC 2025
Auto-update on Thu Oct  9 00:56:36 UTC 2025
Auto-update on Fri Oct 10 00:56:05 UTC 2025
Auto-update on Sat Oct 11 00:53:40 UTC 2025
Auto-update on Sun Oct 12 00:59:00 UTC 2025
Auto-update on Mon Oct 13 01:00:33 UTC 2025
Auto-update on Tue Oct 14 00:56:34 UTC 2025
Auto-update on Wed Oct 15 00:57:51 UTC 2025
Auto-update on Thu Oct 16 00:57:44 UTC 2025
Auto-update on Fri Oct 17 00:57:14 UTC 2025
Auto-update on Sat Oct 18 00:54:39 UTC 2025
Auto-update on Sun Oct 19 01:03:58 UTC 2025
Auto-update on Mon Oct 20 01:02:02 UTC 2025
Auto-update on Tue Oct 21 00:59:06 UTC 2025
Auto-update on Wed Oct 22 01:00:18 UTC 2025
Auto-update on Thu Oct 23 00:58:24 UTC 2025
Auto-update on Fri Oct 24 00:54:52 UTC 2025
Auto-update on Sat Oct 25 00:56:52 UTC 2025
Auto-update on Sun Oct 26 01:02:15 UTC 2025
Auto-update on Mon Oct 27 01:03:38 UTC 2025
Auto-update on Tue Oct 28 00:57:14 UTC 2025
Auto-update on Wed Oct 29 01:01:18 UTC 2025
Auto-update on Thu Oct 30 01:01:05 UTC 2025
Auto-update on Fri Oct 31 00:59:23 UTC 2025
Auto-update on Sat Nov  1 01:02:29 UTC 2025
Auto-update on Sun Nov  2 01:03:14 UTC 2025
Auto-update on Mon Nov  3 01:02:26 UTC 2025
Auto-update on Tue Nov  4 00:59:35 UTC 2025
Auto-update on Wed Nov  5 01:01:30 UTC 2025
Auto-update on Thu Nov  6 01:00:17 UTC 2025
Auto-update on Fri Nov  7 00:59:49 UTC 2025
Auto-update on Sat Nov  8 00:56:42 UTC 2025
Auto-update on Sun Nov  9 01:03:05 UTC 2025
Auto-update on Mon Nov 10 01:03:00 UTC 2025
Auto-update on Tue Nov 11 01:01:14 UTC 2025
Auto-update on Wed Nov 12 01:00:50 UTC 2025
Auto-update on Thu Nov 13 01:00:59 UTC 2025
Auto-update on Fri Nov 14 01:00:40 UTC 2025
Auto-update on Sat Nov 15 00:59:17 UTC 2025
Auto-update on Sun Nov 16 01:04:42 UTC 2025
Auto-update on Mon Nov 17 01:01:46 UTC 2025
Auto-update on Tue Nov 18 01:00:03 UTC 2025
Auto-update on Wed Nov 19 01:00:32 UTC 2025
Auto-update on Thu Nov 20 00:59:10 UTC 2025
Auto-update on Fri Nov 21 00:59:59 UTC 2025
Auto-update on Sat Nov 22 00:57:53 UTC 2025
Auto-update on Sun Nov 23 01:08:44 UTC 2025
Auto-update on Mon Nov 24 01:04:40 UTC 2025
Auto-update on Tue Nov 25 01:00:09 UTC 2025
Auto-update on Wed Nov 26 01:01:00 UTC 2025
Auto-update on Thu Nov 27 01:00:00 UTC 2025
Auto-update on Fri Nov 28 00:58:41 UTC 2025
Auto-update on Sat Nov 29 00:59:04 UTC 2025
Auto-update on Sun Nov 30 01:08:14 UTC 2025
Auto-update on Mon Dec  1 01:12:53 UTC 2025
Auto-update on Tue Dec  2 01:01:57 UTC 2025
Auto-update on Wed Dec  3 01:02:16 UTC 2025
Auto-update on Thu Dec  4 01:01:57 UTC 2025
Auto-update on Fri Dec  5 01:02:14 UTC 2025
Auto-update on Sat Dec  6 00:59:18 UTC 2025
Auto-update on Sun Dec  7 01:08:23 UTC 2025
Auto-update on Mon Dec  8 01:02:56 UTC 2025
Auto-update on Tue Dec  9 01:02:08 UTC 2025
Auto-update on Wed Dec 10 01:03:45 UTC 2025
Auto-update on Thu Dec 11 01:04:26 UTC 2025
Auto-update on Fri Dec 12 01:04:04 UTC 2025
Auto-update on Sat Dec 13 01:00:07 UTC 2025
